{"avg_pass": 0.812646733819353, "avg_run": 0.3502471012932496, "avg_turnover": 0.21346062839320246, "avg_touch": 0.6339701543442288, "avg_ballhold": 0.4763548742096776}